uri,type,dc.id,collection,notation,prefLabel,altLabel,broader,broaderTransitive,broadMatch,changeNote,closeMatch,definition,editorialNote,exactMatch,example,hiddenLabel,historyNote,inScheme,mappingRelation,note,related,relatedMatch,scopeNote,semanticRelation,topConceptOf
colt:formeleeenheden,skos:Collection,formeleeenheden,,,Collectie van formeleeenheden.,,,,,,,,,,,,,cs,formeleeenheid,,,,,,
ct:A,skos:Concept,A,colt:formeleeenheden,,Menselijke verstoring,,,,,,,,,,,,,cs:formeleeenheid,,,,,,,cs:formeleeenheid
ct:Aa,skos:Concept,Aa,colt:formeleeenheden,,zand/zandh. Klei,,,,,,,,,,,,,cs:formeleeenheid,,,,,,,cs:formeleeenheid
ct:AaBe,skos:Concept,AaBe,colt:formeleeenheden,,zandh. Klei,,,,,,,,,,,,,cs:formeleeenheid,,,,,,,cs:formeleeenheid
ct:AaOe,skos:Concept,AaOe,colt:formeleeenheden,,zand,,,,,,,,,,,,,cs:formeleeenheid,,,,,,,cs:formeleeenheid
ct:Ab,skos:Concept,Ab,colt:formeleeenheden,,"organisch siliciklastisch sediment, tufa, veen",,,,,,,,,,,,,cs:formeleeenheid,,,,,,,cs:formeleeenheid
ct:Ag,skos:Concept,Ag,colt:formeleeenheden,,zand,,,,,,,,,,,,,cs:formeleeenheid,,,,,,,cs:formeleeenheid
ct:Bb,skos:Concept,Bb,colt:formeleeenheden,,zand,,,,,,,,,,,,,cs:formeleeenheid,,,,,,,cs:formeleeenheid
ct:BbGe,skos:Concept,BbGe,colt:formeleeenheden,,zand,,,,,,,,,,,,,cs:formeleeenheid,,,,,,,cs:formeleeenheid
ct:BbHo,skos:Concept,BbHo,colt:formeleeenheden,,zand,,,,,,,,,,,,,cs:formeleeenheid,,,,,,,cs:formeleeenheid
ct:BbOp,skos:Concept,BbOp,colt:formeleeenheden,,zand,,,,,,,,,,,,,cs:formeleeenheid,,,,,,,cs:formeleeenheid
ct:Bc,skos:Concept,Bc,colt:formeleeenheden,,zand,,,,,,,,,,,,,cs:formeleeenheid,,,,,,,cs:formeleeenheid
ct:BcAn,skos:Concept,BcAn,colt:formeleeenheden,,zand,,,,,,,,,,,,,cs:formeleeenheid,,,,,,,cs:formeleeenheid
ct:BcEd,skos:Concept,BcEd,colt:formeleeenheden,,grind,,,,,,,,,,,,,cs:formeleeenheid,,,,,,,cs:formeleeenheid
ct:BcKi,skos:Concept,BcKi,colt:formeleeenheden,,zand,,,,,,,,,,,,,cs:formeleeenheid,,,,,,,cs:formeleeenheid
ct:BcZo,skos:Concept,BcZo,colt:formeleeenheden,,zand,,,,,,,,,,,,,cs:formeleeenheid,,,,,,,cs:formeleeenheid
ct:Be,skos:Concept,Be,colt:formeleeenheden,,"smectiet klei, glauconiethoudende zanden, mergel",,,,,,,,,,,,,cs:formeleeenheid,,,,,,,cs:formeleeenheid
ct:Bi,skos:Concept,Bi,colt:formeleeenheden,,zand/klei/zand,,,,,,,,,,,,,cs:formeleeenheid,,,,,,,cs:formeleeenheid
ct:BiBe,skos:Concept,BiBe,colt:formeleeenheden,,zand,,,,,,,,,,,,,cs:formeleeenheid,,,,,,,cs:formeleeenheid
ct:BiKe,skos:Concept,BiKe,colt:formeleeenheden,,zand,,,,,,,,,,,,,cs:formeleeenheid,,,,,,,cs:formeleeenheid
ct:BiKs,skos:Concept,BiKs,colt:formeleeenheden,,klei,,,,,,,,,,,,,cs:formeleeenheid,,,,,,,cs:formeleeenheid
ct:Bm,skos:Concept,Bm,colt:formeleeenheden,,klei,,,,,,,,,,,,,cs:formeleeenheid,,,,,,,cs:formeleeenheid
ct:BmBt,skos:Concept,BmBt,colt:formeleeenheden,,silt,,,,,,,,,,,,,cs:formeleeenheid,,,,,,,cs:formeleeenheid
ct:BmBw,skos:Concept,BmBw,colt:formeleeenheden,,klei,,,,,,,,,,,,,cs:formeleeenheid,,,,,,,cs:formeleeenheid
ct:BmPu,skos:Concept,BmPu,colt:formeleeenheden,,klei,,,,,,,,,,,,,cs:formeleeenheid,,,,,,,cs:formeleeenheid
ct:BmTe,skos:Concept,BmTe,colt:formeleeenheden,,klei,,,,,,,,,,,,,cs:formeleeenheid,,,,,,,cs:formeleeenheid
ct:Bo,skos:Concept,Bo,colt:formeleeenheden,,zand/klei,,,,,,,,,,,,,cs:formeleeenheid,,,,,,,cs:formeleeenheid
ct:BoBt,skos:Concept,BoBt,colt:formeleeenheden,,zand,,,,,,,,,,,,,cs:formeleeenheid,,,,,,,cs:formeleeenheid
ct:BoHe,skos:Concept,BoHe,colt:formeleeenheden,,klei,,,,,,,,,,,,,cs:formeleeenheid,,,,,,,cs:formeleeenheid
ct:BoKe,skos:Concept,BoKe,colt:formeleeenheden,,zand,,,,,,,,,,,,,cs:formeleeenheid,,,,,,,cs:formeleeenheid
ct:BoOb,skos:Concept,BoOb,colt:formeleeenheden,,zand,,,,,,,,,,,,,cs:formeleeenheid,,,,,,,cs:formeleeenheid
ct:Br,skos:Concept,Br,colt:formeleeenheden,,zand+kalkzandsteenbanken,,,,,,,,,,,,,cs:formeleeenheid,,,,,,,cs:formeleeenheid
ct:BrAr,skos:Concept,BrAr,colt:formeleeenheden,,zand+kalkzandsteenbanken,,,,,,,,,,,,,cs:formeleeenheid,,,,,,,cs:formeleeenheid
ct:BrBh,skos:Concept,BrBh,colt:formeleeenheden,,zand+kalkzandsteenbanken,,,,,,,,,,,,,cs:formeleeenheid,,,,,,,cs:formeleeenheid
ct:BrCg,skos:Concept,BrCg,colt:formeleeenheden,,zand+kalkzandsteenbanken,,,,,,,,,,,,,cs:formeleeenheid,,,,,,,cs:formeleeenheid
ct:BrDi,skos:Concept,BrDi,colt:formeleeenheden,,zand+kalkzandsteenbanken,,,,,,,,,,,,,cs:formeleeenheid,,,,,,,cs:formeleeenheid
ct:BrKr,skos:Concept,BrKr,colt:formeleeenheden,,zand+kalkzandsteenbanken,,,,,,,,,,,,,cs:formeleeenheid,,,,,,,cs:formeleeenheid
ct:BrNe,skos:Concept,BrNe,colt:formeleeenheden,,zand+kalkzandsteenbanken,,,,,,,,,,,,,cs:formeleeenheid,,,,,,,cs:formeleeenheid
ct:Bs,skos:Concept,Bs,colt:formeleeenheden,,zand,,,,,,,,,,,,,cs:formeleeenheid,,,,,,,cs:formeleeenheid
ct:BsAk,skos:Concept,BsAk,colt:formeleeenheden,,zand,,,,,,,,,,,,,cs:formeleeenheid,,,,,,,cs:formeleeenheid
ct:BsHd,skos:Concept,BsHd,colt:formeleeenheden,,zand,,,,,,,,,,,,,cs:formeleeenheid,,,,,,,cs:formeleeenheid
ct:BsSv,skos:Concept,BsSv,colt:formeleeenheden,,zand,,,,,,,,,,,,,cs:formeleeenheid,,,,,,,cs:formeleeenheid
ct:BsVs,skos:Concept,BsVs,colt:formeleeenheden,,zand,,,,,,,,,,,,,cs:formeleeenheid,,,,,,,cs:formeleeenheid
ct:Ca,skos:Concept,Ca,colt:formeleeenheden,,Gesteenten afgezet tijdens het Carboon,,,,,,,,,,,,,cs:formeleeenheid,,,,,,,cs:formeleeenheid
ct:CaDi,skos:Concept,CaDi,colt:formeleeenheden,,Kalksteen,,,,,,,,,,,,,cs:formeleeenheid,,,,,,,cs:formeleeenheid
ct:CaNa,skos:Concept,CaNa,colt:formeleeenheden,,kleisteen en zandsteen met steenkool en kalksteen,,,,,,,,,,,,,cs:formeleeenheid,,,,,,,cs:formeleeenheid
ct:CaWe,skos:Concept,CaWe,colt:formeleeenheden,,"zandsteen met steenkool, kleisteen en conglomeraat",,,,,,,,,,,,,cs:formeleeenheid,,,,,,,cs:formeleeenheid
ct:Ci,skos:Concept,Ci,colt:formeleeenheden,,Kalkareniet,,,,,,,,,,,,,cs:formeleeenheid,,,,,,,cs:formeleeenheid
ct:Cm,skos:Concept,Cm,colt:formeleeenheden,,"zandsteen, kwartsiet, kleisteen, schalie en schist",,,,,,,,,,,,,cs:formeleeenheid,,,,,,,cs:formeleeenheid
ct:De,skos:Concept,De,colt:formeleeenheden,,zandsteen met kleisteen en kalksteen,,,,,,,,,,,,,cs:formeleeenheid,,,,,,,cs:formeleeenheid
ct:Di,skos:Concept,Di,colt:formeleeenheden,,zand,,,,,,,,,,,,,cs:formeleeenheid,,,,,,,cs:formeleeenheid
ct:DiDe,skos:Concept,DiDe,colt:formeleeenheden,,zand,,,,,,,,,,,,,cs:formeleeenheid,,,,,,,cs:formeleeenheid
ct:DiDn,skos:Concept,DiDn,colt:formeleeenheden,,zand,,,,,,,,,,,,,cs:formeleeenheid,,,,,,,cs:formeleeenheid
ct:Eg,skos:Concept,Eg,colt:formeleeenheden,,zand,,,,,,,,,,,,,cs:formeleeenheid,,,,,,,cs:formeleeenheid
ct:El,skos:Concept,El,colt:formeleeenheden,,fluviatiele en periglaciale invulling,,,,,,,,,,,,,cs:formeleeenheid,,,,,,,cs:formeleeenheid
ct:FX,skos:Concept,FX,colt:formeleeenheden,,zand,,,,,,,,,,,,,cs:formeleeenheid,,,,,,,cs:formeleeenheid
ct:G,skos:Concept,G,colt:formeleeenheden,,geroerd/verstoord,,,,,,,,,,,,,cs:formeleeenheid,,,,,,,cs:formeleeenheid
ct:Ge,skos:Concept,Ge,colt:formeleeenheden,,zand/kleih zand/klei,,,,,,,,,,,,,cs:formeleeenheid,,,,,,,cs:formeleeenheid
ct:GeAb,skos:Concept,GeAb,colt:formeleeenheden,,klei en zand met ligniet en hout,,,,,,,,,,,,,cs:formeleeenheid,,,,,,,cs:formeleeenheid
ct:GeHg,skos:Concept,GeHg,colt:formeleeenheden,,zandsteen,,,,,,,,,,,,,cs:formeleeenheid,,,,,,,cs:formeleeenheid
ct:GeHo,skos:Concept,GeHo,colt:formeleeenheden,,klei,,,,,,,,,,,,,cs:formeleeenheid,,,,,,,cs:formeleeenheid
ct:GeKw,skos:Concept,GeKw,colt:formeleeenheden,,afwisseling zand en zandige klei,,,,,,,,,,,,,cs:formeleeenheid,,,,,,,cs:formeleeenheid
ct:GeMe,skos:Concept,GeMe,colt:formeleeenheden,,klei,,,,,,,,,,,,,cs:formeleeenheid,,,,,,,cs:formeleeenheid
ct:GePi,skos:Concept,GePi,colt:formeleeenheden,,kleih zand,,,,,,,,,,,,,cs:formeleeenheid,,,,,,,cs:formeleeenheid
ct:GeVl,skos:Concept,GeVl,colt:formeleeenheden,,zand,,,,,,,,,,,,,cs:formeleeenheid,,,,,,,cs:formeleeenheid
ct:Gm,skos:Concept,Gm,colt:formeleeenheden,,loess,,,,,,,,,,,,,cs:formeleeenheid,,,,,,,cs:formeleeenheid
ct:Gt,skos:Concept,Gt,colt:formeleeenheden,,zand,,,,,,,,,,,,,cs:formeleeenheid,,,,,,,cs:formeleeenheid
ct:GtAb,skos:Concept,GtAb,colt:formeleeenheden,,fijn zand,,,,,,,,,,,,,cs:formeleeenheid,,,,,,,cs:formeleeenheid
ct:GtDi,skos:Concept,GtDi,colt:formeleeenheden,,siltig zand,,,,,,,,,,,,,cs:formeleeenheid,,,,,,,cs:formeleeenheid
ct:GtDp,skos:Concept,GtDp,colt:formeleeenheden,,fijn zand met venige lagen,,,,,,,,,,,,,cs:formeleeenheid,,,,,,,cs:formeleeenheid
ct:GtOg,skos:Concept,GtOg,colt:formeleeenheden,,zand,,,,,,,,,,,,,cs:formeleeenheid,,,,,,,cs:formeleeenheid
ct:GtTi,skos:Concept,GtTi,colt:formeleeenheden,,silt/zand,,,,,,,,,,,,,cs:formeleeenheid,,,,,,,cs:formeleeenheid
ct:Ha,skos:Concept,Ha,colt:formeleeenheden,,mergel/klei/kalksteen,,,,,,,,,,,,,cs:formeleeenheid,,,,,,,cs:formeleeenheid
ct:Hn,skos:Concept,Hn,colt:formeleeenheden,,"zand/tufsteen, kleihoudende leem, kalksteen/klei",,,,,,,,,,,,,cs:formeleeenheid,,,,,,,cs:formeleeenheid
ct:HnBe,skos:Concept,HnBe,colt:formeleeenheden,,klei/zand,,,,,,,,,,,,,cs:formeleeenheid,,,,,,,cs:formeleeenheid
ct:HnCh,skos:Concept,HnCh,colt:formeleeenheden,,tufsteen,,,,,,,,,,,,,cs:formeleeenheid,,,,,,,cs:formeleeenheid
ct:HnGr,skos:Concept,HnGr,colt:formeleeenheden,,zand,,,,,,,,,,,,,cs:formeleeenheid,,,,,,,cs:formeleeenheid
ct:HnHa,skos:Concept,HnHa,colt:formeleeenheden,,kleih leem,,,,,,,,,,,,,cs:formeleeenheid,,,,,,,cs:formeleeenheid
ct:HnLi,skos:Concept,HnLi,colt:formeleeenheden,,kalksteen,,,,,,,,,,,,,cs:formeleeenheid,,,,,,,cs:formeleeenheid
ct:HnWa,skos:Concept,HnWa,colt:formeleeenheden,,klei,,,,,,,,,,,,,cs:formeleeenheid,,,,,,,cs:formeleeenheid
ct:Ho,skos:Concept,Ho,colt:formeleeenheden,,kalksteen,,,,,,,,,,,,,cs:formeleeenheid,,,,,,,cs:formeleeenheid
ct:HP,skos:Concept,HP,colt:formeleeenheden,,kalksteen/kalkareniet,,,,,,,,,,,,,cs:formeleeenheid,,,,,,,cs:formeleeenheid
ct:Hs,skos:Concept,Hs,colt:formeleeenheden,,mergel/zand,,,,,,,,,,,,,cs:formeleeenheid,,,,,,,cs:formeleeenheid
ct:HsGe,skos:Concept,HsGe,colt:formeleeenheden,,mergel,,,,,,,,,,,,,cs:formeleeenheid,,,,,,,cs:formeleeenheid
ct:HsMa,skos:Concept,HsMa,colt:formeleeenheden,,mergel,,,,,,,,,,,,,cs:formeleeenheid,,,,,,,cs:formeleeenheid
ct:HsOr,skos:Concept,HsOr,colt:formeleeenheden,,zand,,,,,,,,,,,,,cs:formeleeenheid,,,,,,,cs:formeleeenheid
ct:Hy,skos:Concept,Hy,colt:formeleeenheden,,zand,,,,,,,,,,,,,cs:formeleeenheid,,,,,,,cs:formeleeenheid
ct:HyBo,skos:Concept,HyBo,colt:formeleeenheden,,"glauconiethoudend, fijn tot medium zand",,,,,,,,,,,,,cs:formeleeenheid,,,,,,,cs:formeleeenheid
ct:HyEg,skos:Concept,HyEg,colt:formeleeenheden,,fijn zand,,,,,,,,,,,,,cs:formeleeenheid,,,,,,,cs:formeleeenheid
ct:HyMo,skos:Concept,HyMo,colt:formeleeenheden,,kleiig fijn zand,,,,,,,,,,,,,cs:formeleeenheid,,,,,,,cs:formeleeenheid
ct:Hz,skos:Concept,Hz,colt:formeleeenheden,,zand/klei,,,,,,,,,,,,,cs:formeleeenheid,,,,,,,cs:formeleeenheid
ct:IE,skos:Concept,IE,colt:formeleeenheden,,klei en zand,,,,,,,,,,,,,cs:formeleeenheid,,,,,,,cs:formeleeenheid
ct:Kd,skos:Concept,Kd,colt:formeleeenheden,,zand,,,,,,,,,,,,,cs:formeleeenheid,,,,,,,cs:formeleeenheid
ct:Ke,skos:Concept,Ke,colt:formeleeenheden,,zand / klei,,,,,,,,,,,,,cs:formeleeenheid,,,,,,,cs:formeleeenheid
ct:Kh,skos:Concept,Kh,colt:formeleeenheden,,zand / grind,,,,,,,,,,,,,cs:formeleeenheid,,,,,,,cs:formeleeenheid
ct:Kl,skos:Concept,Kl,colt:formeleeenheden,,kleih zand,,,,,,,,,,,,,cs:formeleeenheid,,,,,,,cs:formeleeenheid
ct:Ko,skos:Concept,Ko,colt:formeleeenheden,,klei,,,,,,,,,,,,,cs:formeleeenheid,,,,,,,cs:formeleeenheid
ct:KoAa,skos:Concept,KoAa,colt:formeleeenheden,,klei,,,,,,,,,,,,,cs:formeleeenheid,,,,,,,cs:formeleeenheid
ct:KoMh,skos:Concept,KoMh,colt:formeleeenheden,,kleiig zand en zandige klei,,,,,,,,,,,,,cs:formeleeenheid,,,,,,,cs:formeleeenheid
ct:KoMo,skos:Concept,KoMo,colt:formeleeenheden,,zandh klei,,,,,,,,,,,,,cs:formeleeenheid,,,,,,,cs:formeleeenheid
ct:KoMp,skos:Concept,KoMp,colt:formeleeenheden,,kleih zand,,,,,,,,,,,,,cs:formeleeenheid,,,,,,,cs:formeleeenheid
ct:KoOl,skos:Concept,KoOl,colt:formeleeenheden,,zware blauwgrijze klei,,,,,,,,,,,,,cs:formeleeenheid,,,,,,,cs:formeleeenheid
ct:KoOm,skos:Concept,KoOm,colt:formeleeenheden,,zware blauwgrijze klei,,,,,,,,,,,,,cs:formeleeenheid,,,,,,,cs:formeleeenheid
ct:KoOr,skos:Concept,KoOr,colt:formeleeenheden,,zware blauwgrijze klei,,,,,,,,,,,,,cs:formeleeenheid,,,,,,,cs:formeleeenheid
ct:KoOu,skos:Concept,KoOu,colt:formeleeenheden,,zware blauwgrijze klei,,,,,,,,,,,,,cs:formeleeenheid,,,,,,,cs:formeleeenheid
ct:KoRo,skos:Concept,KoRo,colt:formeleeenheden,,"siltig tot fijn zandig, kalkhoudende klei",,,,,,,,,,,,,cs:formeleeenheid,,,,,,,cs:formeleeenheid
ct:KoSm,skos:Concept,KoSm,colt:formeleeenheden,,stijve klei,,,,,,,,,,,,,cs:formeleeenheid,,,,,,,cs:formeleeenheid
ct:KoZo,skos:Concept,KoZo,colt:formeleeenheden,,siltige tot zandige klei,,,,,,,,,,,,,cs:formeleeenheid,,,,,,,cs:formeleeenheid
ct:KRWe,skos:Concept,KRWe,colt:formeleeenheden,,,,,,,,,,,,,,,cs:formeleeenheid,,,,,,,cs:formeleeenheid
ct:Kz,skos:Concept,Kz,colt:formeleeenheden,,kiezelooliet,,,,,,,,,,,,,cs:formeleeenheid,,,,,,,cs:formeleeenheid
ct:KzB1,skos:Concept,KzB1,colt:formeleeenheden,,klei,,,,,,,,,,,,,cs:formeleeenheid,,,,,,,cs:formeleeenheid
ct:KzB2,skos:Concept,KzB2,colt:formeleeenheden,,klei,,,,,,,,,,,,,cs:formeleeenheid,,,,,,,cs:formeleeenheid
ct:KzBr,skos:Concept,KzBr,colt:formeleeenheden,,klei- en zand-intercalatie met ligniet,,,,,,,,,,,,,cs:formeleeenheid,,,,,,,cs:formeleeenheid
ct:KzJa,skos:Concept,KzJa,colt:formeleeenheden,,kiezelooliet,,,,,,,,,,,,,cs:formeleeenheid,,,,,,,cs:formeleeenheid
ct:KzPe,skos:Concept,KzPe,colt:formeleeenheden,,kiezelooliet,,,,,,,,,,,,,cs:formeleeenheid,,,,,,,cs:formeleeenheid
ct:KzWb,skos:Concept,KzWb,colt:formeleeenheden,,kiezelooliet,,,,,,,,,,,,,cs:formeleeenheid,,,,,,,cs:formeleeenheid
ct:KzX,skos:Concept,KzX,colt:formeleeenheden,,zand,,,,,,,,,,,,,cs:formeleeenheid,,,,,,,cs:formeleeenheid
ct:LA,skos:Concept,LA,colt:formeleeenheden,,zand,,,,,,,,,,,,,cs:formeleeenheid,,,,,,,cs:formeleeenheid
ct:Ld,skos:Concept,Ld,colt:formeleeenheden,,zand,,,,,,,,,,,,,cs:formeleeenheid,,,,,,,cs:formeleeenheid
ct:Li,skos:Concept,Li,colt:formeleeenheden,,zand,,,,,,,,,,,,,cs:formeleeenheid,,,,,,,cs:formeleeenheid
ct:LiKr,skos:Concept,LiKr,colt:formeleeenheden,,zand,,,,,,,,,,,,,cs:formeleeenheid,,,,,,,cs:formeleeenheid
ct:LiLu,skos:Concept,LiLu,colt:formeleeenheden,,zand,,,,,,,,,,,,,cs:formeleeenheid,,,,,,,cs:formeleeenheid
ct:LiMe,skos:Concept,LiMe,colt:formeleeenheden,,zand,,,,,,,,,,,,,cs:formeleeenheid,,,,,,,cs:formeleeenheid
ct:LiOo,skos:Concept,LiOo,colt:formeleeenheden,,zand,,,,,,,,,,,,,cs:formeleeenheid,,,,,,,cs:formeleeenheid
ct:LiX,skos:Concept,LiX,colt:formeleeenheden,,zand,,,,,,,,,,,,,cs:formeleeenheid,,,,,,,cs:formeleeenheid
ct:LiZa,skos:Concept,LiZa,colt:formeleeenheden,,zand,,,,,,,,,,,,,cs:formeleeenheid,,,,,,,cs:formeleeenheid
ct:Lk,skos:Concept,Lk,colt:formeleeenheden,,grind,,,,,,,,,,,,,cs:formeleeenheid,,,,,,,cs:formeleeenheid
ct:Ln,skos:Concept,Ln,colt:formeleeenheden,,grind,,,,,,,,,,,,,cs:formeleeenheid,,,,,,,cs:formeleeenheid
ct:Ma,skos:Concept,Ma,colt:formeleeenheden,,klei/zand,,,,,,,,,,,,,cs:formeleeenheid,,,,,,,cs:formeleeenheid
ct:MA,skos:Concept,MA,colt:formeleeenheden,,zand en grind,,,,,,,,,,,,,cs:formeleeenheid,,,,,,,cs:formeleeenheid
ct:MAa,skos:Concept,MAa,colt:formeleeenheden,,"kalkhoudende, dgrijze kleisteen",,,,,,,,,,,,,cs:formeleeenheid,,,,,,,cs:formeleeenheid
ct:MaAs,skos:Concept,MaAs,colt:formeleeenheden,,klei,,,,,,,,,,,,,cs:formeleeenheid,,,,,,,cs:formeleeenheid
ct:MaBu,skos:Concept,MaBu,colt:formeleeenheden,,zand,,,,,,,,,,,,,cs:formeleeenheid,,,,,,,cs:formeleeenheid
ct:MAk,skos:Concept,MAk,colt:formeleeenheden,,"zand, klei, ligniet",,,,,,,,,,,,,cs:formeleeenheid,,,,,,,cs:formeleeenheid
ct:MAkAa,skos:Concept,MAkAa,colt:formeleeenheden,,gelige zanden,,,,,,,,,,,,,cs:formeleeenheid,,,,,,,cs:formeleeenheid
ct:MAkHe,skos:Concept,MAkHe,colt:formeleeenheden,,"afz v zand, silt en klei",,,,,,,,,,,,,cs:formeleeenheid,,,,,,,cs:formeleeenheid
ct:MaOd,skos:Concept,MaOd,colt:formeleeenheden,,klei,,,,,,,,,,,,,cs:formeleeenheid,,,,,,,cs:formeleeenheid
ct:MaOn,skos:Concept,MaOn,colt:formeleeenheden,,zand,,,,,,,,,,,,,cs:formeleeenheid,,,,,,,cs:formeleeenheid
ct:MaUr,skos:Concept,MaUr,colt:formeleeenheden,,klei,,,,,,,,,,,,,cs:formeleeenheid,,,,,,,cs:formeleeenheid
ct:MaWe,skos:Concept,MaWe,colt:formeleeenheden,,zand,,,,,,,,,,,,,cs:formeleeenheid,,,,,,,cs:formeleeenheid
ct:MaZo,skos:Concept,MaZo,colt:formeleeenheden,,klei,,,,,,,,,,,,,cs:formeleeenheid,,,,,,,cs:formeleeenheid
ct:Mb,skos:Concept,Mb,colt:formeleeenheden,,zand/grind met klei,,,,,,,,,,,,,cs:formeleeenheid,,,,,,,cs:formeleeenheid
ct:MBe,skos:Concept,MBe,colt:formeleeenheden,,Krijt met mergel en zand,,,,,,,,,,,,,cs:formeleeenheid,,,,,,,cs:formeleeenheid
ct:MBu,skos:Concept,MBu,colt:formeleeenheden,,zandsteen,,,,,,,,,,,,,cs:formeleeenheid,,,,,,,cs:formeleeenheid
ct:MBuBr,skos:Concept,MBuBr,colt:formeleeenheden,,rode klei- tot zandsteen,,,,,,,,,,,,,cs:formeleeenheid,,,,,,,cs:formeleeenheid
ct:MBuBu,skos:Concept,MBuBu,colt:formeleeenheden,,rode zandsteen en conglomeraat,,,,,,,,,,,,,cs:formeleeenheid,,,,,,,cs:formeleeenheid
ct:MBuGr,skos:Concept,MBuGr,colt:formeleeenheden,,rode silt- tot zandsteen,,,,,,,,,,,,,cs:formeleeenheid,,,,,,,cs:formeleeenheid
ct:MDo,skos:Concept,MDo,colt:formeleeenheden,,"glauch. mergels, mergel zanden & zandst",,,,,,,,,,,,,cs:formeleeenheid,,,,,,,cs:formeleeenheid
ct:MDoB1,skos:Concept,MDoB1,colt:formeleeenheden,,groen kalkrijk zand,,,,,,,,,,,,,cs:formeleeenheid,,,,,,,cs:formeleeenheid
ct:MDoB2,skos:Concept,MDoB2,colt:formeleeenheden,,grijsgroene mergel,,,,,,,,,,,,,cs:formeleeenheid,,,,,,,cs:formeleeenheid
ct:MDoOv,skos:Concept,MDoOv,colt:formeleeenheden,,"Compact, grijsgroen, zandig krijt met gl",,,,,,,,,,,,,cs:formeleeenheid,,,,,,,cs:formeleeenheid
ct:MDoZe,skos:Concept,MDoZe,colt:formeleeenheden,,"grijsgroen, mergelige zand(steen)",,,,,,,,,,,,,cs:formeleeenheid,,,,,,,cs:formeleeenheid
ct:Me,skos:Concept,Me,colt:formeleeenheden,,zand,,,,,,,,,,,,,cs:formeleeenheid,,,,,,,cs:formeleeenheid
ct:ME,skos:Concept,ME,colt:formeleeenheden,,"maasafzettingen, grind",,,,,,,,,,,,,cs:formeleeenheid,,,,,,,cs:formeleeenheid
ct:MeB,skos:Concept,MeB,colt:formeleeenheden,,zand,,,,,,,,,,,,,cs:formeleeenheid,,,,,,,cs:formeleeenheid
ct:MEs,skos:Concept,MEs,colt:formeleeenheden,,Krijt en mergel,,,,,,,,,,,,,cs:formeleeenheid,,,,,,,cs:formeleeenheid
ct:MGu,skos:Concept,MGu,colt:formeleeenheden,,calcilutiet tot kalkareniet,,,,,,,,,,,,,cs:formeleeenheid,,,,,,,cs:formeleeenheid
ct:MGuBe,skos:Concept,MGuBe,colt:formeleeenheden,,witgeel mergel,,,,,,,,,,,,,cs:formeleeenheid,,,,,,,cs:formeleeenheid
ct:MGuLa,skos:Concept,MGuLa,colt:formeleeenheden,,calcilutiet tot kalkareniet,,,,,,,,,,,,,cs:formeleeenheid,,,,,,,cs:formeleeenheid
ct:MGuLi,skos:Concept,MGuLi,colt:formeleeenheden,,calcilutiet en silexbanken,,,,,,,,,,,,,cs:formeleeenheid,,,,,,,cs:formeleeenheid
ct:MGuVi,skos:Concept,MGuVi,colt:formeleeenheden,,grijswit krijt en silexbanken,,,,,,,,,,,,,cs:formeleeenheid,,,,,,,cs:formeleeenheid
ct:MGuZe,skos:Concept,MGuZe,colt:formeleeenheden,,wit tot bleekgeel krijt,,,,,,,,,,,,,cs:formeleeenheid,,,,,,,cs:formeleeenheid
ct:MHa,skos:Concept,MHa,colt:formeleeenheden,,"zandsteen, kleisteen en conglomeraat",,,,,,,,,,,,,cs:formeleeenheid,,,,,,,cs:formeleeenheid
ct:MJU,skos:Concept,MJU,colt:formeleeenheden,,,,,,,,,,,,,,,cs:formeleeenheid,,,,,,,cs:formeleeenheid
ct:MKe,skos:Concept,MKe,colt:formeleeenheden,,"kleisteen, dolom. mergel, anhydr/gips",,,,,,,,,,,,,cs:formeleeenheid,,,,,,,cs:formeleeenheid
ct:MKR,skos:Concept,MKR,colt:formeleeenheden,,kalksteen,,,,,,,,,,,,,cs:formeleeenheid,,,,,,,cs:formeleeenheid
ct:MKu,skos:Concept,MKu,colt:formeleeenheden,,kalkareniet,,,,,,,,,,,,,cs:formeleeenheid,,,,,,,cs:formeleeenheid
ct:Ml,skos:Concept,Ml,colt:formeleeenheden,,zand,,,,,,,,,,,,,cs:formeleeenheid,,,,,,,cs:formeleeenheid
ct:MlDo,skos:Concept,MlDo,colt:formeleeenheden,,zand,,,,,,,,,,,,,cs:formeleeenheid,,,,,,,cs:formeleeenheid
ct:MlMa,skos:Concept,MlMa,colt:formeleeenheden,,ligniet,,,,,,,,,,,,,cs:formeleeenheid,,,,,,,cs:formeleeenheid
ct:MlMh,skos:Concept,MlMh,colt:formeleeenheden,,zand,,,,,,,,,,,,,cs:formeleeenheid,,,,,,,cs:formeleeenheid
ct:MlRe,skos:Concept,MlRe,colt:formeleeenheden,,zand,,,,,,,,,,,,,cs:formeleeenheid,,,,,,,cs:formeleeenheid
ct:MlRu,skos:Concept,MlRu,colt:formeleeenheden,,ligniet,,,,,,,,,,,,,cs:formeleeenheid,,,,,,,cs:formeleeenheid
ct:MMa,skos:Concept,MMa,colt:formeleeenheden,,bleke kalkareniet,,,,,,,,,,,,,cs:formeleeenheid,,,,,,,cs:formeleeenheid
ct:MMaEm,skos:Concept,MMaEm,colt:formeleeenheden,,,,,,,,,,,,,,,cs:formeleeenheid,,,,,,,cs:formeleeenheid
ct:MMaGr,skos:Concept,MMaGr,colt:formeleeenheden,,,,,,,,,,,,,,,cs:formeleeenheid,,,,,,,cs:formeleeenheid
ct:MMaKu,skos:Concept,MMaKu,colt:formeleeenheden,,bleke kalkareniet,,,,,,,,,,,,,cs:formeleeenheid,,,,,,,cs:formeleeenheid
ct:MMaMe,skos:Concept,MMaMe,colt:formeleeenheden,,,,,,,,,,,,,,,cs:formeleeenheid,,,,,,,cs:formeleeenheid
ct:MMaNe,skos:Concept,MMaNe,colt:formeleeenheden,,,,,,,,,,,,,,,cs:formeleeenheid,,,,,,,cs:formeleeenheid
ct:MMaVa,skos:Concept,MMaVa,colt:formeleeenheden,,"kalkareniet, silex",,,,,,,,,,,,,cs:formeleeenheid,,,,,,,cs:formeleeenheid
ct:MMs,skos:Concept,MMs,colt:formeleeenheden,,Krijt,,,,,,,,,,,,,cs:formeleeenheid,,,,,,,cs:formeleeenheid
ct:MMu,skos:Concept,MMu,colt:formeleeenheden,,muschelkalk,,,,,,,,,,,,,cs:formeleeenheid,,,,,,,cs:formeleeenheid
ct:MMuAn,skos:Concept,MMuAn,colt:formeleeenheden,,onzuiver kalksteen en dolomiet,,,,,,,,,,,,,cs:formeleeenheid,,,,,,,cs:formeleeenheid
ct:MMuHa,skos:Concept,MMuHa,colt:formeleeenheden,,mergels en kleisteen,,,,,,,,,,,,,cs:formeleeenheid,,,,,,,cs:formeleeenheid
ct:MMuWe,skos:Concept,MMuWe,colt:formeleeenheden,,kleisteen,,,,,,,,,,,,,cs:formeleeenheid,,,,,,,cs:formeleeenheid
ct:MNe,skos:Concept,MNe,colt:formeleeenheden,,Krijt,,,,,,,,,,,,,cs:formeleeenheid,,,,,,,cs:formeleeenheid
ct:MNeSt,skos:Concept,MNeSt,colt:formeleeenheden,,,,,,,,,,,,,,,cs:formeleeenheid,,,,,,,cs:formeleeenheid
ct:MNeWa,skos:Concept,MNeWa,colt:formeleeenheden,,,,,,,,,,,,,,,cs:formeleeenheid,,,,,,,cs:formeleeenheid
ct:Mo,skos:Concept,Mo,colt:formeleeenheden,,kalksteen,,,,,,,,,,,,,cs:formeleeenheid,,,,,,,cs:formeleeenheid
ct:Mp,skos:Concept,Mp,colt:formeleeenheden,,kleiig micahoudend zand,,,,,,,,,,,,,cs:formeleeenheid,,,,,,,cs:formeleeenheid
ct:MRo,skos:Concept,MRo,colt:formeleeenheden,,"klei- en siltsteen, anhydriet",,,,,,,,,,,,,cs:formeleeenheid,,,,,,,cs:formeleeenheid
ct:MSl,skos:Concept,MSl,colt:formeleeenheden,,grijze kleisteen,,,,,,,,,,,,,cs:formeleeenheid,,,,,,,cs:formeleeenheid
ct:MVa,skos:Concept,MVa,colt:formeleeenheden,,mergelige zanden/zandsteen,,,,,,,,,,,,,cs:formeleeenheid,,,,,,,cs:formeleeenheid
ct:MVaBG,skos:Concept,MVaBG,colt:formeleeenheden,,grijsgroen glauc. mergelig zand en silt,,,,,,,,,,,,,cs:formeleeenheid,,,,,,,cs:formeleeenheid
ct:MVaOG,skos:Concept,MVaOG,colt:formeleeenheden,,grijsgroen glauconieth. zand en silt,,,,,,,,,,,,,cs:formeleeenheid,,,,,,,cs:formeleeenheid
ct:MVg,skos:Concept,MVg,colt:formeleeenheden,,Mergel,,,,,,,,,,,,,cs:formeleeenheid,,,,,,,cs:formeleeenheid
ct:Mx,skos:Concept,Mx,colt:formeleeenheden,,veen met leem/zand/klei,,,,,,,,,,,,,cs:formeleeenheid,,,,,,,cs:formeleeenheid
ct:My,skos:Concept,My,colt:formeleeenheden,,zand en klei,,,,,,,,,,,,,cs:formeleeenheid,,,,,,,cs:formeleeenheid
ct:Ne,skos:Concept,Ne,colt:formeleeenheden,,"zand, klei, ligniet",,,,,,,,,,,,,cs:formeleeenheid,,,,,,,cs:formeleeenheid
ct:Op,skos:Concept,Op,colt:formeleeenheden,,klei/zand/kalkareniet,,,,,,,,,,,,,cs:formeleeenheid,,,,,,,cs:formeleeenheid
ct:OpEi,skos:Concept,OpEi,colt:formeleeenheden,,zand,,,,,,,,,,,,,cs:formeleeenheid,,,,,,,cs:formeleeenheid
ct:OpMa,skos:Concept,OpMa,colt:formeleeenheden,,kalkareniet,,,,,,,,,,,,,cs:formeleeenheid,,,,,,,cs:formeleeenheid
ct:OpOp,skos:Concept,OpOp,colt:formeleeenheden,,klei,,,,,,,,,,,,,cs:formeleeenheid,,,,,,,cs:formeleeenheid
ct:Or,skos:Concept,Or,colt:formeleeenheden,,"zandsteen, kwartsiet, kleisteen, schalie en schist",,,,,,,,,,,,,cs:formeleeenheid,,,,,,,cs:formeleeenheid
ct:Ot,skos:Concept,Ot,colt:formeleeenheden,,zand/klei,,,,,,,,,,,,,cs:formeleeenheid,,,,,,,cs:formeleeenheid
ct:Ow,skos:Concept,Ow,colt:formeleeenheden,,zand/leem/veen,,,,,,,,,,,,,cs:formeleeenheid,,,,,,,cs:formeleeenheid
ct:P,skos:Concept,P,colt:formeleeenheden,,rots,,,,,,,,,,,,,cs:formeleeenheid,,,,,,,cs:formeleeenheid
ct:P1,skos:Concept,P1,colt:formeleeenheden,,rots,,,,,,,,,,,,,cs:formeleeenheid,,,,,,,cs:formeleeenheid
ct:P2,skos:Concept,P2,colt:formeleeenheden,,rots,,,,,,,,,,,,,cs:formeleeenheid,,,,,,,cs:formeleeenheid
ct:Pa,skos:Concept,Pa,colt:formeleeenheden,,Sedimenten afgezet tijdens het Paleogeen,,,,,,,,,,,,,cs:formeleeenheid,,,,,,,cs:formeleeenheid
ct:PAi,skos:Concept,PAi,colt:formeleeenheden,,kalksteen/schiefers/dolomiet,,,,,,,,,,,,,cs:formeleeenheid,,,,,,,cs:formeleeenheid
ct:PAl,skos:Concept,PAl,colt:formeleeenheden,,"kleisteen, kalksteen",,,,,,,,,,,,,cs:formeleeenheid,,,,,,,cs:formeleeenheid
ct:PAn,skos:Concept,PAn,colt:formeleeenheden,,"schiefer, zandsteen, koollagen en kalksteenbanken",,,,,,,,,,,,,cs:formeleeenheid,,,,,,,cs:formeleeenheid
ct:PAt,skos:Concept,PAt,colt:formeleeenheden,,kalksteenbanken,,,,,,,,,,,,,cs:formeleeenheid,,,,,,,cs:formeleeenheid
ct:PAtGa,skos:Concept,PAtGa,colt:formeleeenheden,,kalksteen,,,,,,,,,,,,,cs:formeleeenheid,,,,,,,cs:formeleeenheid
ct:PAtWa,skos:Concept,PAtWa,colt:formeleeenheden,,kalksteen,,,,,,,,,,,,,cs:formeleeenheid,,,,,,,cs:formeleeenheid
ct:PAv,skos:Concept,PAv,colt:formeleeenheden,,zandsteen tot kleisteen,,,,,,,,,,,,,cs:formeleeenheid,,,,,,,cs:formeleeenheid
ct:PBe,skos:Concept,PBe,colt:formeleeenheden,,kalksteen,,,,,,,,,,,,,cs:formeleeenheid,,,,,,,cs:formeleeenheid
ct:PBg,skos:Concept,PBg,colt:formeleeenheden,,schalie en kleisteen,,,,,,,,,,,,,cs:formeleeenheid,,,,,,,cs:formeleeenheid
ct:PBi,skos:Concept,PBi,colt:formeleeenheden,,"conglom., zandsteen , schiefer",,,,,,,,,,,,,cs:formeleeenheid,,,,,,,cs:formeleeenheid
ct:PBl,skos:Concept,PBl,colt:formeleeenheden,,kwartsiet,,,,,,,,,,,,,cs:formeleeenheid,,,,,,,cs:formeleeenheid
ct:PBn,skos:Concept,PBn,colt:formeleeenheden,,micarijke kleisteen,,,,,,,,,,,,,cs:formeleeenheid,,,,,,,cs:formeleeenheid
ct:PBnXa,skos:Concept,PBnXa,colt:formeleeenheden,,zwarte schalie,,,,,,,,,,,,,cs:formeleeenheid,,,,,,,cs:formeleeenheid
ct:PBnXb,skos:Concept,PBnXb,colt:formeleeenheden,,micarijke siltsteen en kleisteen,,,,,,,,,,,,,cs:formeleeenheid,,,,,,,cs:formeleeenheid
ct:PBnXc,skos:Concept,PBnXc,colt:formeleeenheden,,kleisteen,,,,,,,,,,,,,cs:formeleeenheid,,,,,,,cs:formeleeenheid
ct:PBo,skos:Concept,PBo,colt:formeleeenheden,,"kleisteen, kalksteen, silt- en zandsteen",,,,,,,,,,,,,cs:formeleeenheid,,,,,,,cs:formeleeenheid
ct:PBp,skos:Concept,PBp,colt:formeleeenheden,,schalie of leisteen,,,,,,,,,,,,,cs:formeleeenheid,,,,,,,cs:formeleeenheid
ct:PBr,skos:Concept,PBr,colt:formeleeenheden,,kleisteen en leisteen en vulkanische gesteenten,,,,,,,,,,,,,cs:formeleeenheid,,,,,,,cs:formeleeenheid
ct:PBv,skos:Concept,PBv,colt:formeleeenheden,,"conglom. , zand en siltsteen en kalksteen",,,,,,,,,,,,,cs:formeleeenheid,,,,,,,cs:formeleeenheid
ct:PC,skos:Concept,PC,colt:formeleeenheden,,zandig pakket met kalksteeninterc.,,,,,,,,,,,,,cs:formeleeenheid,,,,,,,cs:formeleeenheid
ct:PCa,skos:Concept,PCa,colt:formeleeenheden,,siltsteen/schiefer/steenkool,,,,,,,,,,,,,cs:formeleeenheid,,,,,,,cs:formeleeenheid
ct:PCaFl,skos:Concept,PCaFl,colt:formeleeenheden,,siltsteen/schiefer m steenkool en zandst,,,,,,,,,,,,,cs:formeleeenheid,,,,,,,cs:formeleeenheid
ct:PCaRa,skos:Concept,PCaRa,colt:formeleeenheden,,siltsteen/ schiefer m steenkool en zands,,,,,,,,,,,,,cs:formeleeenheid,,,,,,,cs:formeleeenheid
ct:PCe,skos:Concept,PCe,colt:formeleeenheden,,grijze silsteen,,,,,,,,,,,,,cs:formeleeenheid,,,,,,,cs:formeleeenheid
ct:PCh,skos:Concept,PCh,colt:formeleeenheden,,zandsteen/siltsteen/schiefer/steenkool,,,,,,,,,,,,,cs:formeleeenheid,,,,,,,cs:formeleeenheid
ct:PChAs,skos:Concept,PChAs,colt:formeleeenheden,,siltsteen/steenkool m schiefer en zandst,,,,,,,,,,,,,cs:formeleeenheid,,,,,,,cs:formeleeenheid
ct:PChEi,skos:Concept,PChEi,colt:formeleeenheden,,siltsteen/steenkool m schiefer en zandst,,,,,,,,,,,,,cs:formeleeenheid,,,,,,,cs:formeleeenheid
ct:PChMo,skos:Concept,PChMo,colt:formeleeenheden,,schiefer/siltsteen/steenkool m zandst,,,,,,,,,,,,,cs:formeleeenheid,,,,,,,cs:formeleeenheid
ct:PCo,skos:Concept,PCo,colt:formeleeenheden,,kalkhoudende schiefers en ampeliet,,,,,,,,,,,,,cs:formeleeenheid,,,,,,,cs:formeleeenheid
ct:PCoBo,skos:Concept,PCoBo,colt:formeleeenheden,,kalkhoudende schiefers en ampeliet,,,,,,,,,,,,,cs:formeleeenheid,,,,,,,cs:formeleeenheid
ct:PCoTr,skos:Concept,PCoTr,colt:formeleeenheden,,kalkhoudende schiefers en ampeliet,,,,,,,,,,,,,cs:formeleeenheid,,,,,,,cs:formeleeenheid
ct:PCr,skos:Concept,PCr,colt:formeleeenheden,,"leist., kleist., siltst. en zandst.",,,,,,,,,,,,,cs:formeleeenheid,,,,,,,cs:formeleeenheid
ct:Pd,skos:Concept,Pd,colt:formeleeenheden,,zand,,,,,,,,,,,,,cs:formeleeenheid,,,,,,,cs:formeleeenheid
ct:PDe,skos:Concept,PDe,colt:formeleeenheden,,schalie,,,,,,,,,,,,,cs:formeleeenheid,,,,,,,cs:formeleeenheid
ct:PdHe,skos:Concept,PdHe,colt:formeleeenheden,,zand,,,,,,,,,,,,,cs:formeleeenheid,,,,,,,cs:formeleeenheid
ct:PEt,skos:Concept,PEt,colt:formeleeenheden,,"silt-kleisteenbanken, zandst.",,,,,,,,,,,,,cs:formeleeenheid,,,,,,,cs:formeleeenheid
ct:PEv,skos:Concept,PEv,colt:formeleeenheden,,"schiefers, zandsteen",,,,,,,,,,,,,cs:formeleeenheid,,,,,,,cs:formeleeenheid
ct:PF,skos:Concept,PF,colt:formeleeenheden,,"kleisteen, kalksteen",,,,,,,,,,,,,cs:formeleeenheid,,,,,,,cs:formeleeenheid
ct:PFa,skos:Concept,PFa,colt:formeleeenheden,,kleisteen en siltsteen,,,,,,,,,,,,,cs:formeleeenheid,,,,,,,cs:formeleeenheid
ct:PFf,skos:Concept,PFf,colt:formeleeenheden,,gespleten kleisteen en siltsteen,,,,,,,,,,,,,cs:formeleeenheid,,,,,,,cs:formeleeenheid
ct:PFi,skos:Concept,PFi,colt:formeleeenheden,,leisteen en kleisteen,,,,,,,,,,,,,cs:formeleeenheid,,,,,,,cs:formeleeenheid
ct:PFiPi,skos:Concept,PFiPi,colt:formeleeenheden,,kristallijne tuff,,,,,,,,,,,,,cs:formeleeenheid,,,,,,,cs:formeleeenheid
ct:PFiXa,skos:Concept,PFiXa,colt:formeleeenheden,,"leist., kleist., siltst. en zandst.",,,,,,,,,,,,,cs:formeleeenheid,,,,,,,cs:formeleeenheid
ct:PFiXb,skos:Concept,PFiXb,colt:formeleeenheden,,"kleisteen, siltsteen en zandsteen",,,,,,,,,,,,,cs:formeleeenheid,,,,,,,cs:formeleeenheid
ct:PFiXc,skos:Concept,PFiXc,colt:formeleeenheden,,"leist., kleist., siltst., en zandst.",,,,,,,,,,,,,cs:formeleeenheid,,,,,,,cs:formeleeenheid
ct:PFiXd,skos:Concept,PFiXd,colt:formeleeenheden,,"leisteen, kleisteen , siltsteen",,,,,,,,,,,,,cs:formeleeenheid,,,,,,,cs:formeleeenheid
ct:PFiXe,skos:Concept,PFiXe,colt:formeleeenheden,,"leist., kleist., siltst. en zandst.",,,,,,,,,,,,,cs:formeleeenheid,,,,,,,cs:formeleeenheid
ct:PFl,skos:Concept,PFl,colt:formeleeenheden,,zandsteen/siltsteen/steenkool,,,,,,,,,,,,,cs:formeleeenheid,,,,,,,cs:formeleeenheid
ct:PFlMe,skos:Concept,PFlMe,colt:formeleeenheden,,zandsteen/siltsteen/steenkool,,,,,,,,,,,,,cs:formeleeenheid,,,,,,,cs:formeleeenheid
ct:PFlNe,skos:Concept,PFlNe,colt:formeleeenheden,,zandsteen/siltsteen/steenkool,,,,,,,,,,,,,cs:formeleeenheid,,,,,,,cs:formeleeenheid
ct:PFlWa,skos:Concept,PFlWa,colt:formeleeenheden,,zandsteen/siltsteen/steenkool,,,,,,,,,,,,,cs:formeleeenheid,,,,,,,cs:formeleeenheid
ct:PFq,skos:Concept,PFq,colt:formeleeenheden,,afwisselend leist. en siltige leist.,,,,,,,,,,,,,cs:formeleeenheid,,,,,,,cs:formeleeenheid
ct:PFr,skos:Concept,PFr,colt:formeleeenheden,,schalie en dolomiet,,,,,,,,,,,,,cs:formeleeenheid,,,,,,,cs:formeleeenheid
ct:PFu,skos:Concept,PFu,colt:formeleeenheden,,"leisteen, kleisteen, siltsteen, zandstn",,,,,,,,,,,,,cs:formeleeenheid,,,,,,,cs:formeleeenheid
ct:PG,skos:Concept,PG,colt:formeleeenheden,,kalksteen met kleiinterval,,,,,,,,,,,,,cs:formeleeenheid,,,,,,,cs:formeleeenheid
ct:PGe,skos:Concept,PGe,colt:formeleeenheden,,kalkstenen en dolomiet,,,,,,,,,,,,,cs:formeleeenheid,,,,,,,cs:formeleeenheid
ct:PGo,skos:Concept,PGo,colt:formeleeenheden,,verkiezelde gesteenten,,,,,,,,,,,,,cs:formeleeenheid,,,,,,,cs:formeleeenheid
ct:PHe,skos:Concept,PHe,colt:formeleeenheden,,"klei- silt- kalksteen, mergel, conglom.",,,,,,,,,,,,,cs:formeleeenheid,,,,,,,cs:formeleeenheid
ct:PHeH1,skos:Concept,PHeH1,colt:formeleeenheden,,conglomeraat,,,,,,,,,,,,,cs:formeleeenheid,,,,,,,cs:formeleeenheid
ct:PHeH2,skos:Concept,PHeH2,colt:formeleeenheden,,"kalkrijke zandsteen, kleisteen en siltsteen",,,,,,,,,,,,,cs:formeleeenheid,,,,,,,cs:formeleeenheid
ct:PHeH3,skos:Concept,PHeH3,colt:formeleeenheden,,grijze mergel,,,,,,,,,,,,,cs:formeleeenheid,,,,,,,cs:formeleeenheid
ct:PHeH4,skos:Concept,PHeH4,colt:formeleeenheden,,zandsteen,,,,,,,,,,,,,cs:formeleeenheid,,,,,,,cs:formeleeenheid
ct:PHeH5,skos:Concept,PHeH5,colt:formeleeenheden,,kleisteen met siltsteen en zandsteen,,,,,,,,,,,,,cs:formeleeenheid,,,,,,,cs:formeleeenheid
ct:PHi,skos:Concept,PHi,colt:formeleeenheden,,"kalksteen, dolomiet",,,,,,,,,,,,,cs:formeleeenheid,,,,,,,cs:formeleeenheid
ct:PHo,skos:Concept,PHo,colt:formeleeenheden,,leisteen en fijne siltsteen,,,,,,,,,,,,,cs:formeleeenheid,,,,,,,cs:formeleeenheid
ct:PHs,skos:Concept,PHs,colt:formeleeenheden,,crinoïdenkalksteenbanken,,,,,,,,,,,,,cs:formeleeenheid,,,,,,,cs:formeleeenheid
ct:PHu,skos:Concept,PHu,colt:formeleeenheden,,"kleisteen, silsteen en zandsteen",,,,,,,,,,,,,cs:formeleeenheid,,,,,,,cs:formeleeenheid
ct:PIt,skos:Concept,PIt,colt:formeleeenheden,,"afw. zandsteen, siltsteen en kleisteen",,,,,,,,,,,,,cs:formeleeenheid,,,,,,,cs:formeleeenheid
ct:PJo,skos:Concept,PJo,colt:formeleeenheden,,"kwartsiet, zandsteen, leisteen en schalie",,,,,,,,,,,,,cs:formeleeenheid,,,,,,,cs:formeleeenheid
ct:PK,skos:Concept,PK,colt:formeleeenheden,,kalkstenen en/of dolomiet,,,,,,,,,,,,,cs:formeleeenheid,,,,,,,cs:formeleeenheid
ct:PKe,skos:Concept,PKe,colt:formeleeenheden,,kalksteen/zandsteen/kleisteen,,,,,,,,,,,,,cs:formeleeenheid,,,,,,,cs:formeleeenheid
ct:PLa,skos:Concept,PLa,colt:formeleeenheden,,crinoïdenkalksteen,,,,,,,,,,,,,cs:formeleeenheid,,,,,,,cs:formeleeenheid
ct:PLm,skos:Concept,PLm,colt:formeleeenheden,,schiefer,,,,,,,,,,,,,cs:formeleeenheid,,,,,,,cs:formeleeenheid
ct:PLo,skos:Concept,PLo,colt:formeleeenheden,,wacke tot boundstone,,,,,,,,,,,,,cs:formeleeenheid,,,,,,,cs:formeleeenheid
ct:PLs,skos:Concept,PLs,colt:formeleeenheden,,schalie,,,,,,,,,,,,,cs:formeleeenheid,,,,,,,cs:formeleeenheid
ct:PLt,skos:Concept,PLt,colt:formeleeenheden,,leisteen en fijne siltsteen,,,,,,,,,,,,,cs:formeleeenheid,,,,,,,cs:formeleeenheid
ct:PLu,skos:Concept,PLu,colt:formeleeenheden,,kalksteen,,,,,,,,,,,,,cs:formeleeenheid,,,,,,,cs:formeleeenheid
ct:PMa,skos:Concept,PMa,colt:formeleeenheden,,"schiefer, silt-zand-kalk-steen",,,,,,,,,,,,,cs:formeleeenheid,,,,,,,cs:formeleeenheid
ct:PMd,skos:Concept,PMd,colt:formeleeenheden,,vulkanische gesteente met afw. Siltsteen,,,,,,,,,,,,,cs:formeleeenheid,,,,,,,cs:formeleeenheid
ct:PMdXa,skos:Concept,PMdXa,colt:formeleeenheden,,schalie en siltsteen,,,,,,,,,,,,,cs:formeleeenheid,,,,,,,cs:formeleeenheid
ct:PMdXb,skos:Concept,PMdXb,colt:formeleeenheden,,"siltst., zandst. en vulkanokl. congl.",,,,,,,,,,,,,cs:formeleeenheid,,,,,,,cs:formeleeenheid
ct:PMdXc,skos:Concept,PMdXc,colt:formeleeenheden,,schalie,,,,,,,,,,,,,cs:formeleeenheid,,,,,,,cs:formeleeenheid
ct:PMdXd,skos:Concept,PMdXd,colt:formeleeenheden,,groffe siltsteen,,,,,,,,,,,,,cs:formeleeenheid,,,,,,,cs:formeleeenheid
ct:PMdXe,skos:Concept,PMdXe,colt:formeleeenheden,,schalie,,,,,,,,,,,,,cs:formeleeenheid,,,,,,,cs:formeleeenheid
ct:PMdXf,skos:Concept,PMdXf,colt:formeleeenheden,,daciet en breccia,,,,,,,,,,,,,cs:formeleeenheid,,,,,,,cs:formeleeenheid
ct:PMdXg,skos:Concept,PMdXg,colt:formeleeenheden,,siltige schalie,,,,,,,,,,,,,cs:formeleeenheid,,,,,,,cs:formeleeenheid
ct:PMn,skos:Concept,PMn,colt:formeleeenheden,,psammieten en zandstenen,,,,,,,,,,,,,cs:formeleeenheid,,,,,,,cs:formeleeenheid
ct:PMo,skos:Concept,PMo,colt:formeleeenheden,,"schalie of leisteen, soms kleisteen",,,,,,,,,,,,,cs:formeleeenheid,,,,,,,cs:formeleeenheid
ct:PMoFr,skos:Concept,PMoFr,colt:formeleeenheden,,schalie of leisteen,,,,,,,,,,,,,cs:formeleeenheid,,,,,,,cs:formeleeenheid
ct:PMoTa,skos:Concept,PMoTa,colt:formeleeenheden,,schalie of leisteen,,,,,,,,,,,,,cs:formeleeenheid,,,,,,,cs:formeleeenheid
ct:PMoXx,skos:Concept,PMoXx,colt:formeleeenheden,,schalie of leisteen,,,,,,,,,,,,,cs:formeleeenheid,,,,,,,cs:formeleeenheid
ct:PMu,skos:Concept,PMu,colt:formeleeenheden,,conglomeraat,,,,,,,,,,,,,cs:formeleeenheid,,,,,,,cs:formeleeenheid
ct:PNe,skos:Concept,PNe,colt:formeleeenheden,,grove zandstenen,,,,,,,,,,,,,cs:formeleeenheid,,,,,,,cs:formeleeenheid
ct:POD,skos:Concept,POD,colt:formeleeenheden,,Gesteenten afgezet tijdens het Ordovicium,,,,,,,,,,,,,cs:formeleeenheid,,,,,,,cs:formeleeenheid
ct:POr,skos:Concept,POr,colt:formeleeenheden,,schalie en kalksteen,,,,,,,,,,,,,cs:formeleeenheid,,,,,,,cs:formeleeenheid
ct:POs,skos:Concept,POs,colt:formeleeenheden,,kleisteen/leisteen,,,,,,,,,,,,,cs:formeleeenheid,,,,,,,cs:formeleeenheid
ct:POsAs,skos:Concept,POsAs,colt:formeleeenheden,,leisteen,,,,,,,,,,,,,cs:formeleeenheid,,,,,,,cs:formeleeenheid
ct:POsRi,skos:Concept,POsRi,colt:formeleeenheden,,leisteen,,,,,,,,,,,,,cs:formeleeenheid,,,,,,,cs:formeleeenheid
ct:PPe,skos:Concept,PPe,colt:formeleeenheden,,kalksteen/dolomiet,,,,,,,,,,,,,cs:formeleeenheid,,,,,,,cs:formeleeenheid
ct:PPo,skos:Concept,PPo,colt:formeleeenheden,,schiefer,,,,,,,,,,,,,cs:formeleeenheid,,,,,,,cs:formeleeenheid
ct:PPr,skos:Concept,PPr,colt:formeleeenheden,,"kalksteen en/of dolom., kleistenen",,,,,,,,,,,,,cs:formeleeenheid,,,,,,,cs:formeleeenheid
ct:PPt,skos:Concept,PPt,colt:formeleeenheden,,fyllade,,,,,,,,,,,,,cs:formeleeenheid,,,,,,,cs:formeleeenheid
ct:PRh,skos:Concept,PRh,colt:formeleeenheden,,kalkstenen,,,,,,,,,,,,,cs:formeleeenheid,,,,,,,cs:formeleeenheid
ct:PRi,skos:Concept,PRi,colt:formeleeenheden,,leisteen of kleisteen,,,,,,,,,,,,,cs:formeleeenheid,,,,,,,cs:formeleeenheid
ct:PRk,skos:Concept,PRk,colt:formeleeenheden,,siltige en kleiige schalie,,,,,,,,,,,,,cs:formeleeenheid,,,,,,,cs:formeleeenheid
ct:PRn,skos:Concept,PRn,colt:formeleeenheden,,turbudieten met leisteen en kleisteen,,,,,,,,,,,,,cs:formeleeenheid,,,,,,,cs:formeleeenheid
ct:PSa,skos:Concept,PSa,colt:formeleeenheden,,zand- en siltsteen,,,,,,,,,,,,,cs:formeleeenheid,,,,,,,cs:formeleeenheid
ct:PSaBo,skos:Concept,PSaBo,colt:formeleeenheden,,"conglom., zandst, siltst, kleist.",,,,,,,,,,,,,cs:formeleeenheid,,,,,,,cs:formeleeenheid
ct:PSaFe,skos:Concept,PSaFe,colt:formeleeenheden,,kalsteen en kalksteenbreccie,,,,,,,,,,,,,cs:formeleeenheid,,,,,,,cs:formeleeenheid
ct:PSaMe,skos:Concept,PSaMe,colt:formeleeenheden,,gedolom. Zandsteen,,,,,,,,,,,,,cs:formeleeenheid,,,,,,,cs:formeleeenheid
ct:PSe,skos:Concept,PSe,colt:formeleeenheden,,gespleten kleisteen en siltsteen,,,,,,,,,,,,,cs:formeleeenheid,,,,,,,cs:formeleeenheid
ct:PSo,skos:Concept,PSo,colt:formeleeenheden,,"kalkstenen, dolomieten en schiefers",,,,,,,,,,,,,cs:formeleeenheid,,,,,,,cs:formeleeenheid
ct:PSt,skos:Concept,PSt,colt:formeleeenheden,,kalksteen/dolomiet,,,,,,,,,,,,,cs:formeleeenheid,,,,,,,cs:formeleeenheid
ct:PTo,skos:Concept,PTo,colt:formeleeenheden,,kalksteen,,,,,,,,,,,,,cs:formeleeenheid,,,,,,,cs:formeleeenheid
ct:PToAl,skos:Concept,PToAl,colt:formeleeenheden,,crinoïdenkalksteen,,,,,,,,,,,,,cs:formeleeenheid,,,,,,,cs:formeleeenheid
ct:PToCr,skos:Concept,PToCr,colt:formeleeenheden,,crinoïdenkalksteen,,,,,,,,,,,,,cs:formeleeenheid,,,,,,,cs:formeleeenheid
ct:PToPo,skos:Concept,PToPo,colt:formeleeenheden,,crinoïdenkalksteen,,,,,,,,,,,,,cs:formeleeenheid,,,,,,,cs:formeleeenheid
ct:PToPr,skos:Concept,PToPr,colt:formeleeenheden,,crinoïdenkalksteen,,,,,,,,,,,,,cs:formeleeenheid,,,,,,,cs:formeleeenheid
ct:PToVa,skos:Concept,PToVa,colt:formeleeenheden,,crinoïdenkalksteen,,,,,,,,,,,,,cs:formeleeenheid,,,,,,,cs:formeleeenheid
ct:PToVi,skos:Concept,PToVi,colt:formeleeenheden,,crinoïdenkalksteen,,,,,,,,,,,,,cs:formeleeenheid,,,,,,,cs:formeleeenheid
ct:PTr,skos:Concept,PTr,colt:formeleeenheden,,kleiige zandsteen en siltsteen,,,,,,,,,,,,,cs:formeleeenheid,,,,,,,cs:formeleeenheid
ct:PTu,skos:Concept,PTu,colt:formeleeenheden,,kleisteen/silsteen,,,,,,,,,,,,,cs:formeleeenheid,,,,,,,cs:formeleeenheid
ct:PTuFo,skos:Concept,PTuFo,colt:formeleeenheden,,leisteen,,,,,,,,,,,,,cs:formeleeenheid,,,,,,,cs:formeleeenheid
ct:PTuRo,skos:Concept,PTuRo,colt:formeleeenheden,,zandsteen,,,,,,,,,,,,,cs:formeleeenheid,,,,,,,cs:formeleeenheid
ct:PTuXx,skos:Concept,PTuXx,colt:formeleeenheden,,"leisteen, siltsteen",,,,,,,,,,,,,cs:formeleeenheid,,,,,,,cs:formeleeenheid
ct:PVa,skos:Concept,PVa,colt:formeleeenheden,,"leist., kleist., siltst. en zandst.",,,,,,,,,,,,,cs:formeleeenheid,,,,,,,cs:formeleeenheid
ct:PVc,skos:Concept,PVc,colt:formeleeenheden,,"leisteen, kleisteen, siltsteen",,,,,,,,,,,,,cs:formeleeenheid,,,,,,,cs:formeleeenheid
ct:PVe,skos:Concept,PVe,colt:formeleeenheden,,dolomiet,,,,,,,,,,,,,cs:formeleeenheid,,,,,,,cs:formeleeenheid
ct:PVi,skos:Concept,PVi,colt:formeleeenheden,,kalksteen,,,,,,,,,,,,,cs:formeleeenheid,,,,,,,cs:formeleeenheid
ct:PVl,skos:Concept,PVl,colt:formeleeenheden,,wacke tot grainstone,,,,,,,,,,,,,cs:formeleeenheid,,,,,,,cs:formeleeenheid
ct:PVs,skos:Concept,PVs,colt:formeleeenheden,,"leist., kleist., siltst. en zandst.",,,,,,,,,,,,,cs:formeleeenheid,,,,,,,cs:formeleeenheid
ct:Q,skos:Concept,Q,colt:formeleeenheden,,divers,,,,,,,,,,,,,cs:formeleeenheid,,,,,,,cs:formeleeenheid
ct:QH,skos:Concept,QH,colt:formeleeenheden,,divers,,,,,,,,,,,,,cs:formeleeenheid,,,,,,,cs:formeleeenheid
ct:QP,skos:Concept,QP,colt:formeleeenheden,,divers,,,,,,,,,,,,,cs:formeleeenheid,,,,,,,cs:formeleeenheid
ct:Rb,skos:Concept,Rb,colt:formeleeenheden,,kleiig-zandig grind,,,,,,,,,,,,,cs:formeleeenheid,,,,,,,cs:formeleeenheid
ct:RO,skos:Concept,RO,colt:formeleeenheden,,loess,,,,,,,,,,,,,cs:formeleeenheid,,,,,,,cs:formeleeenheid
ct:RU,skos:Concept,RU,colt:formeleeenheden,,"klei, silt en zand",,,,,,,,,,,,,cs:formeleeenheid,,,,,,,cs:formeleeenheid
ct:S,skos:Concept,S,colt:formeleeenheden,,vaste gesteenten,,,,,,,,,,,,,cs:formeleeenheid,,,,,,,cs:formeleeenheid
ct:SC,skos:Concept,SC,colt:formeleeenheden,,"fluviatiele afzettingen, Schelde en Ijzer",,,,,,,,,,,,,cs:formeleeenheid,,,,,,,cs:formeleeenheid
ct:Sh,skos:Concept,Sh,colt:formeleeenheden,,zand/klei,,,,,,,,,,,,,cs:formeleeenheid,,,,,,,cs:formeleeenheid
ct:ShGr,skos:Concept,ShGr,colt:formeleeenheden,,(zandh) klei,,,,,,,,,,,,,cs:formeleeenheid,,,,,,,cs:formeleeenheid
ct:ShNe,skos:Concept,ShNe,colt:formeleeenheden,,zand,,,,,,,,,,,,,cs:formeleeenheid,,,,,,,cs:formeleeenheid
ct:Si,skos:Concept,Si,colt:formeleeenheden,,"zandsteen, kwartsiet, kleisteen, schalie en schist",,,,,,,,,,,,,cs:formeleeenheid,,,,,,,cs:formeleeenheid
ct:Sk,skos:Concept,Sk,colt:formeleeenheden,,grind / silt,,,,,,,,,,,,,cs:formeleeenheid,,,,,,,cs:formeleeenheid
ct:St,skos:Concept,St,colt:formeleeenheden,,grind,,,,,,,,,,,,,cs:formeleeenheid,,,,,,,cs:formeleeenheid
ct:StBo,skos:Concept,StBo,colt:formeleeenheden,,zand,,,,,,,,,,,,,cs:formeleeenheid,,,,,,,cs:formeleeenheid
ct:StHa,skos:Concept,StHa,colt:formeleeenheden,,grind en grof zand,,,,,,,,,,,,,cs:formeleeenheid,,,,,,,cs:formeleeenheid
ct:StLo,skos:Concept,StLo,colt:formeleeenheden,,grind en grof zand,,,,,,,,,,,,,cs:formeleeenheid,,,,,,,cs:formeleeenheid
ct:T,skos:Concept,T,colt:formeleeenheden,,divers,,,,,,,,,,,,,cs:formeleeenheid,,,,,,,cs:formeleeenheid
ct:Ti,skos:Concept,Ti,colt:formeleeenheden,,zand,,,,,,,,,,,,,cs:formeleeenheid,,,,,,,cs:formeleeenheid
ct:TiDo,skos:Concept,TiDo,colt:formeleeenheden,,zand,,,,,,,,,,,,,cs:formeleeenheid,,,,,,,cs:formeleeenheid
ct:TiEr,skos:Concept,TiEr,colt:formeleeenheden,,zand,,,,,,,,,,,,,cs:formeleeenheid,,,,,,,cs:formeleeenheid
ct:TiKn,skos:Concept,TiKn,colt:formeleeenheden,,zand,,,,,,,,,,,,,cs:formeleeenheid,,,,,,,cs:formeleeenheid
ct:TiLo,skos:Concept,TiLo,colt:formeleeenheden,,zand,,,,,,,,,,,,,cs:formeleeenheid,,,,,,,cs:formeleeenheid
ct:TO,skos:Concept,TO,colt:formeleeenheden,,zand/klei,,,,,,,,,,,,,cs:formeleeenheid,,,,,,,cs:formeleeenheid
ct:TR,skos:Concept,TR,colt:formeleeenheden,,Gesteenten afgezet tijdens het Trias,,,,,,,,,,,,,cs:formeleeenheid,,,,,,,cs:formeleeenheid
ct:Tt,skos:Concept,Tt,colt:formeleeenheden,,zand/silt,,,,,,,,,,,,,cs:formeleeenheid,,,,,,,cs:formeleeenheid
ct:TtEg,skos:Concept,TtEg,colt:formeleeenheden,,zand,,,,,,,,,,,,,cs:formeleeenheid,,,,,,,cs:formeleeenheid
ct:TtEk,skos:Concept,TtEk,colt:formeleeenheden,,zware klei,,,,,,,,,,,,,cs:formeleeenheid,,,,,,,cs:formeleeenheid
ct:TtKo,skos:Concept,TtKo,colt:formeleeenheden,,silt,,,,,,,,,,,,,cs:formeleeenheid,,,,,,,cs:formeleeenheid
ct:U,skos:Concept,U,colt:formeleeenheden,,onbekend,,,,,,,,,,,,,cs:formeleeenheid,,,,,,,cs:formeleeenheid
ct:Ve,skos:Concept,Ve,colt:formeleeenheden,,loess,,,,,,,,,,,,,cs:formeleeenheid,,,,,,,cs:formeleeenheid
ct:Vl,skos:Concept,Vl,colt:formeleeenheden,,"fijn getijdenzand, waddenzand, klei en veen",,,,,,,,,,,,,cs:formeleeenheid,,,,,,,cs:formeleeenheid
ct:VlCa,skos:Concept,VlCa,colt:formeleeenheden,,zand,,,,,,,,,,,,,cs:formeleeenheid,,,,,,,cs:formeleeenheid
ct:VlDh,skos:Concept,VlDh,colt:formeleeenheden,,schelprijk zand,,,,,,,,,,,,,cs:formeleeenheid,,,,,,,cs:formeleeenheid
ct:VlDu,skos:Concept,VlDu,colt:formeleeenheden,,zand,,,,,,,,,,,,,cs:formeleeenheid,,,,,,,cs:formeleeenheid
ct:Vo,skos:Concept,Vo,colt:formeleeenheden,,zand/klei,,,,,,,,,,,,,cs:formeleeenheid,,,,,,,cs:formeleeenheid
ct:VoSo,skos:Concept,VoSo,colt:formeleeenheden,,zand,,,,,,,,,,,,,cs:formeleeenheid,,,,,,,cs:formeleeenheid
ct:VoVe,skos:Concept,VoVe,colt:formeleeenheden,,klei,,,,,,,,,,,,,cs:formeleeenheid,,,,,,,cs:formeleeenheid
ct:VoVo,skos:Concept,VoVo,colt:formeleeenheden,,zand en klei,,,,,,,,,,,,,cs:formeleeenheid,,,,,,,cs:formeleeenheid
ct:We,skos:Concept,We,colt:formeleeenheden,,zand/klei,,,,,,,,,,,,,cs:formeleeenheid,,,,,,,cs:formeleeenheid
ct:WeBs,skos:Concept,WeBs,colt:formeleeenheden,,"zandige eenheid, met veenlagen en cryoturbaties",,,,,,,,,,,,,cs:formeleeenheid,,,,,,,cs:formeleeenheid
ct:WeRv,skos:Concept,WeRv,colt:formeleeenheden,,klei/zand,,,,,,,,,,,,,cs:formeleeenheid,,,,,,,cs:formeleeenheid
ct:WeTu,skos:Concept,WeTu,colt:formeleeenheden,,klei/zand met bodemhorizonten,,,,,,,,,,,,,cs:formeleeenheid,,,,,,,cs:formeleeenheid
ct:Zd,skos:Concept,Zd,colt:formeleeenheden,,grind,,,,,,,,,,,,,cs:formeleeenheid,,,,,,,cs:formeleeenheid
ct:ZE,skos:Concept,ZE,colt:formeleeenheden,,zand,,,,,,,,,,,,,cs:formeleeenheid,,,,,,,cs:formeleeenheid
ct:Zz,skos:Concept,Zz,colt:formeleeenheden,,klei/zand,,,,,,,,,,,,,cs:formeleeenheid,,,,,,,cs:formeleeenheid
ct:ZzBa,skos:Concept,ZzBa,colt:formeleeenheden,,zand,,,,,,,,,,,,,cs:formeleeenheid,,,,,,,cs:formeleeenheid
ct:ZzRu,skos:Concept,ZzRu,colt:formeleeenheden,,zand,,,,,,,,,,,,,cs:formeleeenheid,,,,,,,cs:formeleeenheid
ct:ZzWa,skos:Concept,ZzWa,colt:formeleeenheden,,klei,,,,,,,,,,,,,cs:formeleeenheid,,,,,,,cs:formeleeenheid
